courseInfo.courseID,courseInfo.courseNumber,courseInfo.courseName,courseInfo.sections,courseInfo.departmentName
79619,AD53P,AP-Chemistry Lab PM,0,
79620,AE34Y,SpanSpanSpkrsYr3,0,
79621,AM99Y,Zero Period Intro to Fitness,0,
79622,AZ18Y,LEAP,12,
79623,AZ99Y,AVID Senior Seminar (P),0,
79624,BB54F,Popular Culture: Inventing Hip,1,
79625,BB54S,Popular Culture: Inventing Hip,0,
79626,BB55F,Black Gold and Black Soul (P),1,
79627,BB55S,Black Gold and Black Soul (P),0,
79628,BE11Y,Kiswahili I,0,
79629,BE12Y,Kiswahili II,0,
79630,BE13Y,Kiswahili III,0,
79631,DC84Y,AMP-AP-Statistics (AP),0,
79632,EA54S,ELD 1,0,
79633,EC11Y,EL Math 1 -Newcomer,0,
79634,HD01F,AHA-Physics 1 (P),0,
79635,HD01S,AHA-Physics 1 (P),0,
79636,HD91F,AHA-BEST Science(P),0,
79637,HD91S,AHA-BEST Science(P),0,
79638,HH002,Home Hospital Instruction,0,
79639,ID01Y,IHS-Physics 1 (P),0,
79640,LA09Y,Chicano Latino Literature Stud,1,
79641,MB21Y,Personal Finance,3,
79642,NS000,NO SELECTION,0,
79643,TC03X,BTch-Math 3,0,
79644,UC40Q,ISP-AP-Stat Qtr,0,
79645,UC42S,ISP-AP-Stat,0,
79646,UD50S,ISP-Chemistry A (P),0,
79647,UD51S,ISP-Chemistry B (P),0,
79648,UE31Q,ISP-SpanNatSpkrs 1/2 (P),0,
79649,UE32Q,ISP-SpanNatSpkrs 1 A (P),0,
79650,UE33Q,ISP-SpanNatSpkrs 1 B (P),0,
79651,UE34Q,ISP-SpanNatSpkrs 2 A (P),0,
79652,UE35Q,ISP-SpanNatSpkrs 2 B (P),0,
79653,UE41Y,ISP-Mandarin I,0,
79654,UE42Y,ISP-Mandarin II,0,
79655,UE61Y,ISP Spanish I,0,
79656,UE62Y,ISP Spanish II,0,
79657,UE63Y,ISP Spanish III,0,
79658,UE64Y,ISP Spanish IV,0,
79659,UE65Y,ISP AP Spanish,0,
79660,UE66Y,ISP SpanNatSpkrs I,0,
79661,UE67Y,ISP SpanNatSpkrs  III,0,
79662,UE71Y,ISP French I,0,
79663,UE72Y,ISP French II,0,
79664,UE73Y,ISP French III,0,
79665,UE74Y,ISP French IV,0,
79666,UE91Q,ISP AP-SpanishLit (AP) Qtr,0,
79667,UE91Y,ISP AP-SpanishLit (AP),0,
79668,UE93S,ISP-Spanish 2 B (P),0,
79669,UG06Y,ISP-Creative Arts B,0,
79670,UG63Y,ISP-Digital-Photography,0,
79671,UM23Y,ISP-Heart Fitness B,0,
79672,UZ10Q,ISP-Advisory,0,
79673,WE11Y,French I,3,
79674,WE12Y,French II,2,
79675,WE13Y,French III,2,
79676,WE14Y,French IV,1,
79677,WE15Y,AP French Sem,0,
79678,WE32Y,SpanNatSpkrs 2,2,
79679,WE33Y,SpanNatSpkrs III,3,
79680,WE41Y,Mandarin I,1,
79681,WE42Y,Mandarin II,1,
79682,WE43Y,Mandarin III,2,
79683,WE44Y,AP Chinese Lang and Cult,0,
79684,WE51Y,Latin I (P),2,
79685,WE52Y,Latin II (P),1,
79686,WE53Y,Latin III (P),1,
79687,WE54Y,AP Latin IV,0,
79688,WE85Y,AP/IB Spanish Lang and Cult,0,
79689,WE86Y,AP/IB Spanish Lit and Cult,0,
79690,XR01Y,ENGLISH,0,
79691,XR02Y,WORLD HISTORY,0,
79692,XR03Y,ECONOMICS,0,
79693,XR04Y,US HISTORY,0,
79694,XR05Y,PHYSICAL SCIENCE,0,
79695,XR06Y,ETHNIC STUDIES,0,
79696,XR07Y,SOCIAL LIVING,0,
79697,XR08Y,WORLD LANG/FINE ARTS,0,
79698,XR09Y,ELECTIVE,0,
79699,XR10Y,PHYSICAL EDUCATION,0,
79700,XR11Y,MATHEMATICS,0,
79701,XR12Y,BIOLOGICAL SCIENCE,0,
79702,XR13Y,AMERICAN GOVT,0,
79703,XR14Y,INTEGRATED SCIENCE,0,
79704,XR15Y,INTEGRATED HISTORY,0,
79705,ZZ02Y,Math Academy ESY,0,
79706,ZZ13Y,01-No 0 or 7th Period,0,
79707,ZZ14Y,No 7 Period,0,
79708,ZZ51Y,Shortened Day,0,
79709,AJ23Y,Stagecraft 3/4,1,
79710,AB72Y,Nonvio-TheoryPrac (P),0,
79711,ACAT1,Ala Costa,0,
79712,AZ07S,Credit Recovery,0,ACDEV
79713,AZ10Y,AP-IB AcadDev,0,ACDEV
79714,DZ01F,CPA-Credit Recovery,0,ACDEV
79715,DZ01S,CPA-Credit Recovery,0,ACDEV
79716,DZ02F,AMPS-Credit Recovery,0,ACDEV
79717,DZ02S,AMPS-Credit Recovery,0,ACDEV
79718,IZ10Y,BIHS-AcadDev,0,ACDEV
79719,MZ10S,AC-AcadDev,0,ACDEV
79720,MZ10Y,AC-AcadDev,0,ACDEV
79721,TZ01FX,BTch Credit Recovery,0,ACDEV
79722,UZ07Q,ISP-Credit Recovery,0,ACDEV
79723,ZZ10Y,Advisory,0,ACDEV
79724,ZZ41Y,SEE COUNSELOR,6,ACDEV
79725,AG05Y,Creative Arts (P),7,ART
79726,AG07Y,AdvCreativeArts (P),0,ART
79727,AG11Y,ArtDesignOrn (P),0,ART
79728,AG15Y,Drawing (P),3,ART
79729,AG20Y,AdvDrawingPntg (P),0,ART
79730,AG25Y,AP-StudioArt (AP),0,ART
79731,AG71Y,AP-Art History (AP),1,ART
79732,AG73Y,Computer Art (P),0,ART
79733,DG05Y,CPA-Creative Arts (P),0,ART
79734,DG06Y,AMPS-Creative Arts (P),0,ART
79735,DG73Y,CPA- Computer Art (P),0,ART
79736,DG74Y,CPA-Computer Art (P),0,ART
79737,DG75Y,AMPS-Computer Art (P),0,ART
79738,HG05S,AHA-CreativeArts (P),0,ART
79739,HG05Y,AHA-Creative Arts (P),0,ART
79740,HG06S,AHA-AdvCreativeArts(P),0,ART
79741,HG06Y,AHA-AdvCreativeArts(P),1,ART
79742,HG20Y,AHA-AdvDrawingPntg(P),1,ART
79743,HG40Y,AHA-AdvCeramics (P),0,ART
79744,HG62Y,AHA-AdvPhoto (P),0,ART
79745,IG27Y,IB-SL-Studio Art A (SL),1,ART
79746,IG29Y,IB-HL-Studio Art B (HL),1,ART
79747,IG30Y,IB-SL-Art History,0,ART
79748,IG81Y,IHS-Creative Arts (P),0,ART
79749,SG05Y,CEC  Creative Arts,0,ART
79750,UG05Y,ISP-Creative Arts,0,ART
79751,UG07F,ISP-AdvCreativeArts (P),0,ART
79752,UG15Q,ISP-Drawing (P) Qtr,0,ART
79753,UG20Q,ISP-AdvDrawingPntg (P) Qtr,0,ART
79754,UG37Q,ISP-BegCeramics (P) Qtr,0,ART
79755,UG40Q,ISP-AdvCeramics (P) Qtr,0,ART
79756,UG62Y,ISP-AdvPhotography (P),0,ART
79757,AG37Y,BegCeramics (P),4,ART
79758,AG40Y,AdvCeramics (P),1,ART
79759,AZ00Y,AVID 12,0,AVID
79760,AZ70Y,AVID,0,AVID
79761,AZ96Y,AVID 9,0,AVID
79762,AZ97Y,AVID 10,0,AVID
79763,AZ98Y,AVID 11,0,AVID
79764,ST13Y,INE-CLC,0,CEC
79765,ST14Y,CEC-CLC,0,CEC
79766,ST34Y,CEC-CLC,0,CEC
79767,SZ15Y,IEP Mod,0,CEC
79768,AB89Y,Law and Social Justice (P),2,CTE
79769,AB91Y,Law and Social Justice II (P),1,CTE
79770,AD06Y,ROP-EmergMedCareers,0,CTE
79771,AD08Y,ROP-AdvSports Med,0,CTE
79772,AD09Y,ROP-SustUrbAg (P),0,CTE
79773,AD56Y,Biotech 1 (P),2,CTE
79774,AD62Y,ROP-Biotech 3 (P),0,CTE
79775,AD63Y,Biotech 3 (P),2,CTE
79776,AG63Y,CTE-AdvPhotography (P),0,CTE
79777,AG64Y,CTE-Graphic Design,2,CTE
79778,AG74Y,Digital Photo (P),2,CTE
79779,AJ21Y,Stagecraft /Technical Theater,1,CTE
79780,AN06S,Field Studies,0,CTE
79781,AN06Y,Field Studies,0,CTE
79782,AN51Y,ROP-Fire Science,0,CTE
79783,AN52Y,Fire Science,2,CTE
79784,AN53Y,EMT,1,CTE
79785,AN61Y,Carpentry,3,CTE
79786,AN71Y,Public and Community Health,0,CTE
79787,AN76Y,ROP-AdvPhoto (P),0,CTE
79788,AN83Y,ArtVidProd (P),2,CTE
79789,AS42Y,Intro to Computer Programming,1,CTE
79790,AS43Y,AP-C++/JAVA (AP),0,CTE
79791,AS44Y,AP Computer Science A (AP),2,CTE
79792,AS45Y,AP Comp Sci Prin (AP),3,CTE
79793,AS52Y,Robotics Engineering (P),3,CTE
79794,AS53Y,Adv Robotics Engineering (P),1,CTE
79795,AS54Y,Robotics Build Advanced (P),0,CTE
79796,AS55Y,Mechatronics Engineering (P),1,CTE
79797,CN05Y,LifeAcd-CommService,0,CTE
79798,DA81Y,AdvEngPubServ (HP),2,CTE
79799,DA83Y,AdvEngPubHealth (HP),2,CTE
79800,DA90Y,AppliedMedEng (HP),0,CTE
79801,DA96Y,Medical English (P),0,CTE
79802,DD13Y,AMPS-BioHealthSci (HP),4,CTE
79803,DD36Y,AMPS-Forensic Science (P),2,CTE
79804,DN05Y,AMPS-Field Studies,0,CTE
79805,DN06Y,CPA-Field Studies,0,CTE
79806,DN07Y,CPA-ROP-CmSvProf(P),0,CTE
79807,DN08Y,AMPS-ROP-CmSvProf (P) DN08Y,2,CTE
79808,FG73Y,CAS-Computer Art (P),2,CTE
79809,FN06Y,CAS-IntroComArts,0,CTE
79810,FN10Y,CAS-AdvStdEd(P),1,CTE
79811,FN15Y,CAS-AdvDigPhoto (P),1,CTE
79812,FN83Y,CAS-ArtVidPrd(P),2,CTE
79813,HG05F,AHA-CreativeArts (P),0,CTE
79814,HG06F,AHA-AdvCreativeArts(P),0,CTE
79815,HG25Y,AHA-AP-StudioArt (AP),1,CTE
79816,HN06Y,AHA-Field Studies,0,CTE
79817,IS44Y,Computer Science IB SL,1,CTE
79818,IS45Y,Computer Science IB HL2,1,CTE
79819,TS44X,BTch-AP-CompSci,0,CTE
79820,UN01F,ISP-Work Exp 5 Cr,0,CTE
79821,UN01S,ISP-Work Exp 5 Cr,0,CTE
79822,UN04S,ISP-Work Exp 10 Cr,0,CTE
79823,UN06Y,ISP-Field Studies,0,CTE
79824,US42F,ISP-Intro to Comp Program 1,0,CTE
79825,US42S,ISP-Intro to Comp Program 2,0,CTE
79826,AJ54Y,Beg/IntDance (P),1,CTE
79827,AJ55Y,AdvDance/Projects (P),1,CTE
79828,AG26Y,AP-StudioArt-Photography (AP),1,CTE
79829,AG53Y,BegPhotography (P),4,CTE
79830,AG62Y,AdvPhotography (P),1,CTE
79831,AN62Y,CAD Design Studio,1,CTE
79832,AG78Y,Yearbook Des & Pub (P),1,CTE
79833,AL74Y,Yearbook,0,CTE
79834,AL75Y,Yearbook Design/Pub II (HP),1,CTE
79835,AJ58Y,Hnrs Dance Production (HP),0,CTE
79836,AS56Y,Digital Sound Engineering,3,CTE
79837,AS51Y,Robot Build EXT,1,CTE
79838,BM02Y,AFAM-Beg/IntDnc (P),4,DANCE
79839,BM06Y,AFAM-AdvDance (P),1,DANCE
79840,HJ55F,AHA-AdvDanceProjects (P),0,DANCE
79841,HJ55S,AHA-AdvDanceProjects (P),0,DANCE
79842,HM02F,AFAM-Beg/IntDnc (P),0,DANCE
79843,HM02S,AFAM-Beg/IntDnc (P),0,DANCE
79844,HM15F,AHA-BegDance (P),0,DANCE
79845,HM15S,AHA-BegDance (P),0,DANCE
79846,HM15Y,AHA-BegDance (P),0,DANCE
79847,HM16F,AHA-IntDance (P),0,DANCE
79848,HM16S,AHA-IntDance (P),0,DANCE
79849,HM16Y,AHA-IntDance (P),0,DANCE
79850,AJ76Y,DramArts/ActWrk (P),1,DRAMA
79851,AJ78Y,AdvThtrProjects (HP),1,DRAMA
79852,AZ31Y,AcadLangDev,0,ELD
79853,EA54Y,SEI-ELD 1,0,ELD
79854,EA56F,SEI-ELD 2A,0,ELD
79855,EA56S,SEI-ELD 2B,0,ELD
79856,EA56Y,SEI-ELD 2,0,ELD
79857,EA58F,SEI-ELD 3A,0,ELD
79858,EA58S,SEI-ELD 3B,0,ELD
79859,EA58Y,SEI-ELD 3,0,ELD
79860,EA37Y,SEI -ExpWriting 9,0,ELD
79861,EA38Y,SEI-ExpWriting 10-12,0,ELD
79862,AE86Y,Med Span (P),0,ELEC
79863,AL32Y,EntrepInnov,0,ELEC
79864,AN12Y,Documentary Filmmaking,0,ELEC
79865,IE07Y,IB French Lit (P),0,ELEC
79866,IE38Y,IB-SL-Mandarin B (SL),0,ELEC
79867,IN20Y,IB-HL-Film (HL),1,ELEC
79868,IN21Y,IB-SL-Film (SL),1,ELEC
79869,AL30Y,Mouse Squad,0,ELECT
79870,AR05F,Library Aide Fall,0,ELECT
79871,AR05S,Library Aide Spring,0,ELECT
79872,AR10F,Math TA Fall,0,ELECT
79873,AR10S,Math TA Spring,0,ELECT
79874,AR20F,Leadership Fall,0,ELECT
79875,AR20S,Leadership Spring,0,ELECT
79876,AR20Y,Leadership,2,ELECT
79877,AR21F,Youth Court Fall,0,ELECT
79878,AR21S,Youth Court Spring,0,ELECT
79879,AR22F,Proctor Fall,0,ELECT
79880,AR22S,Proctor Spring,0,ELECT
79881,AR22Y,Proctor,0,ELECT
79882,AR23Y,Leadership B Rep,0,ELECT
79883,AR24Y,Leadership B GrLvl,0,ELECT
79884,AR25S,Rep. Leadership,0,ELECT
79885,AR25Y,Proctor Part-Time,0,ELECT
79886,AR31F,TeacherAssist Fall,0,ELECT
79887,AR31S,TeacherAssist Spring,0,ELECT
79888,AR31Y,TeacherAssist,0,ELECT
79889,AZ40Y,Sports Leadership,0,ELECT
79890,DR20F,CPA-Leadership,0,ELECT
79891,DR20S,CPA-Leadership,0,ELECT
79892,ER00Y,SEI-Basic Tutorial,2,ELECT
79893,FR20F,CAS-Leadership,0,ELECT
79894,FR20S,CAS-Leadership,0,ELECT
79895,HR20F,AHA-Leadership,0,ELECT
79896,HR20S,AHA-Leadership,0,ELECT
79897,HR20Y,AHA-Leadership,0,ELECT
79898,SR02Y,INE-Lifeskills,0,ELECT
79899,SR03Y,CEC-LifeSkills,0,ELECT
79900,SS01S,BHS Summer Bridge,0,ELECT
79901,SS01Y,BHS Bridge,5,ELECT
79902,UL60F,ISP-Journalism 1 (P),0,ELECT
79903,UL61S,ISP-Journalism 2 (P),0,ELECT
79904,UL74F,ISP-Yearbook A,0,ELECT
79905,UR22F,ISP-Proctor Fall,0,ELECT
79906,UR22S,ISP-Proctor Spring,0,ELECT
79907,IB01Y,IB SL Geography,0,ELECT
79908,HB58S,AHA-Economics (P),2,ELHSS
79909,AN07Y,PeerHealthEd,0,ELPE
79910,AN09Y,PeerHealthAdvisor 2.5 credits,0,ELPE
79911,AA12Y,Accel Reading,0,ENG
79912,AA19F,WorldLit A (P),0,ENG
79913,AA19S,WorldLit B (P),0,ENG
79914,AA27F,AmericanLit A (P),0,ENG
79915,AA27S,AmericanLit B (P),0,ENG
79916,AA36Y,Expository Writing (P),0,ENG
79917,AA60Y,Journalism (P),0,ENG
79918,AA94F,FrshSmEng 1A (P),0,ENG
79919,AA94S,FrshSmEng 1B (P),0,ENG
79920,AA98S,English 1B (P),0,ENG
79921,AA98Y,English 1 (P),28,ENG
79922,AL26F,CAHSEE ELA,0,ENG
79923,AL26S,CAHSEE ELA,0,ENG
79924,AZ30Y,AcadLiteracy,0,ENG
79925,BA02Y,AFAM-Journalism (P),0,ENG
79926,BA06S,AFAM-Literature (P),0,ENG
79927,BA06Y,AFAM-Literature (P),2,ENG
79928,CA94Y,LifeAcd-English 1 (P),0,ENG
79929,DA18Y,CPA-WorldLit (P),0,ENG
79930,DA19Y,AMPS-WorldLit (P),2,ENG
79931,DA26Y,CPA-AmericanLit (P),0,ENG
79932,DA27Y,AMPS-AmericanLit (P),0,ENG
79933,DA44Y,CPA-AP-LitANDComp(AP),0,ENG
79934,DA45Y,AMPS-AP-LitANDComp(AP),0,ENG
79935,DA53Y,CPA-Comp/Writing (P),0,ENG
79936,DA54F,AMPS Composition (P),0,ENG
79937,DA54Y,AMPS-Comp/Writing (P),0,ENG
79938,DA74S,AMPS Writing (P),0,ENG
79939,DA78Y,AMPS-AP-LangCmp,0,ENG
79940,DA79Y,AMPS-AP-LangCmp (AP),0,ENG
79941,DA92F,CPA-BEST English (P),0,ENG
79942,DA92S,CPA-BEST English (P),0,ENG
79943,DA93F,AMPS-BEST English (P),0,ENG
79944,DA93S,AMPS-BEST English (P),0,ENG
79945,DA94Y,CPA-English 1 (P),0,ENG
79946,DA95Y,AMPS-English 1 (P),0,ENG
79947,EA10Y,SEI-ELD Writing 1,0,ENG
79948,EA12Y,SEI-ELD Writing 2,0,ENG
79949,EA14Y,SEI-ELD Writing 3,0,ENG
79950,EA18Y,SEI-WorldLit (P),1,ENG
79951,EA22Y,SEI-CAHSEE ELA,0,ENG
79952,EA36Y,SEI-ExpWriting (P),2,ENG
79953,EA53F,SEI-Composition (P),0,ENG
79954,EA53Y,SEI-Composition (P),0,ENG
79955,EA69Y,SEI-LitDiversity (P),1,ENG
79956,EA73S,SEI-Writing (P),0,ENG
79957,FA18Y,CAS-WorldLit (P),2,ENG
79958,FA26Y,SLC-American Lit (P),0,ENG
79959,FA44Y,CAS-AP-LitANDComp(AP),2,ENG
79960,FA53S,CAS-Composition (P),0,ENG
79961,FA56F,CAS-GenreLit (P),0,ENG
79962,FA78Y,CAS-AP-LangCmp (AP),2,ENG
79963,FA94Y,CAS-FrshSmEng (P),0,ENG
79964,GA18Y,GRN-WorldLit SEED (P),0,ENG
79965,GA19Y,GRN-WorldLit HEAT (P),0,ENG
79966,GA26Y,GRN-AmericanLit SEED (P),0,ENG
79967,GA27Y,GRN-AmericanLit HEAT (P),0,ENG
79968,GA44Y,GRN AP-LitANDComp SEED,0,ENG
79969,GA45Y,GRN AP-Lit&Comp HEAT,0,ENG
79970,GA53F,GRN-Composition SEED (P),0,ENG
79971,GA54F,GRN-Composition HEAT(P),0,ENG
79972,GA56S,GRN-GenreLit SEED (P),0,ENG
79973,GA57S,GRN-GenreLit HEAT(P),0,ENG
79974,GA78Y,GRN-AP-LangCmp (AP),0,ENG
79975,GA94Y,GRN-FrshSemEng (P),0,ENG
79976,GB80F,GRN-EcoLiteracy (P),0,ENG
79977,HA18Y,AHA-WorldLit (P),2,ENG
79978,HA26Y,AHA-AmericanLit (P),0,ENG
79979,HA44Y,AHA- AP-Lit AND Comp (AP),2,ENG
79980,HA53F,AHA-Composition (P),0,ENG
79981,HA53S,AHA-Composition (P),0,ENG
79982,HA54S,AHA-GenreLit (P),0,ENG
79983,HA71F,AHA-World of Media (P),0,ENG
79984,HA78Y,AHA-AP-LangCmp (AP),2,ENG
79985,HA92F,AHA-BEST English (P),1,ENG
79986,HA92S,AHA-BEST English (P),1,ENG
79987,HA94Y,AHA-HumEnglish (P),0,ENG
79988,IA15Y,IB-HL-English 1 (HL),5,ENG
79989,IA18Y,IHS-GlobalLit (P),7,ENG
79990,IA75Y,IB-HL-English 2 (HL),6,ENG
79991,IA94Y,IHS-FrshLitANDCom (P),0,ENG
79992,JA18Y,SSJE-WorldLit (P),0,ENG
79993,JA26Y,SSJE-AmericanLit (P),0,ENG
79994,JA44Y,SSJE AP-Lit&Comp,0,ENG
79995,JA53F,SSJE-Composition (P),0,ENG
79996,JA56S,SSJE-GenreLit (P),0,ENG
79997,JA94Y,SSJE-FrshSemEng (P),0,ENG
79998,JB80F,SSJE-EcoLiteracy (P),0,ENG
79999,LA08S,Chicano/Latino Lit (P),0,ENG
80000,MA09Y,AC-Epic Novel,0,ENG
80001,MA18Y,AC-WorldLit (P),12,ENG
80002,MA19Y,Literary Magazine,0,ENG
80003,MA20Y,LGBTQIA + Literature,1,ENG
80004,MA21Y,World Mythologies,0,ENG
80005,MA26Y,AC-AmericanLit (P),2,ENG
80006,MA44Y,AC-AP-LitANDComp (AP),5,ENG
80007,MA47F,AC-Bible Literature (P),0,ENG
80008,MA47S,AC-Bible Literature (P),0,ENG
80009,MA47Y,AC-Bible Literature (P),0,ENG
80010,MA51Y,AC-ReadWrtShtStry (P),2,ENG
80011,MA55F,AC-Genre Lit (P),0,ENG
80012,MA71F,AC-World of Media (P),0,ENG
80013,MA71S,AC-World of Media (P),0,ENG
80014,MA71Y,AC-World of Media (P),4,ENG
80015,MA78Y,AC-AP-LangANDCmp(AP),8,ENG
80016,MA94Y,AC-FrshLangComp (P),0,ENG
80017,SA01Y,INE-AdvAugComnication,0,ENG
80018,SA64Y,INE-LiteratureExploratry,0,ENG
80019,SA65Y,CEC-LiteracyExper,0,ENG
80020,SA66Y,CEC-Lit. Exploration,0,ENG
80021,SA92Y,INE-Reading,0,ENG
80022,UA06Q,ISP-AFAM-Literature (P) Qtr,0,ENG
80023,UA06S,ISP-AFAM-Lit (P),0,ENG
80024,UA19F,ISP-World Lit A (P),0,ENG
80025,UA19S,ISP-World Lit B (P),0,ENG
80026,UA27F,ISP-Amer Lit A (P),0,ENG
80027,UA28S,ISP-Amer  Lit B (P),0,ENG
80028,UA44F,ISP-AP-LitandComp A (AP),0,ENG
80029,UA45S,ISP-AP-LitANDComp B (AP),0,ENG
80030,UA47S,ISP-Bible Lit (P),0,ENG
80031,UA50F,ISP-Womens Lit (P),0,ENG
80032,UA51F,ISP-Rd/WrShtSt A(P),0,ENG
80033,UA52S,ISP-Rd/WrShtSt B(P),0,ENG
80034,UA53F,ISP-Composition A (P),0,ENG
80035,UA54F,ISP-Composition B (P),0,ENG
80036,UA56F,ISP-Genre in Lit(P),0,ENG
80037,UA56S,ISP-Genre in Lit(P),0,ENG
80038,UA71F,ISP-World/Media (P),0,ENG
80039,UA71S,ISP-World/Media (P),0,ENG
80040,UA73F,ISP-Writing (P),0,ENG
80041,UA78F,ISP-AP LngCmpA(AP),0,ENG
80042,UA79S,ISP-AP LngCmpB(AP),0,ENG
80043,UA92Q,ISP-BEST English (P),0,ENG
80044,UA94A,ISP-FrshLitANDComA (P),0,ENG
80045,UA94B,ISP-FrshLitANDComB (P),0,ENG
80046,UAD4F,ISP-English 1A (P),0,ENG
80047,UAD4S,ISP-English 1B (P),0,ENG
80048,UL72F,ISP-Poetry Study,0,ENG
80049,EA11Y,SEI-ELD Beginning,2,ENG
80050,EA13Y,SEI-ELD Beginning Writing,0,ENG
80051,EA15Y,SEI-ELD Emerging,2,ENG
80052,EA17Y,SEI-ELD Emerging Writing,0,ENG
80053,MA45Y,AAPI Literature,1,ENG
80054,BA65Y,AP Patterns in Black Literatur,2,ENG
80055,BA44Y,AC-AP-LitANDComp: Black Lit,0,ENG
80056,DB77F,AMPS-AP AmerGovnt,2,HSS
80057,DB12Y,AMPS-AP-USHistory,2,HSS
80058,AB07F,US Hist A (P),0,HSS
80059,AB07S,US Hist B (P),0,HSS
80060,AB52Y,Popular Culture: Hip Hop Studi,0,HSS
80061,AB94Y,FrshSemHist (P),28,HSS
80062,AB94S,FrshSemHist B,0,HSS
80063,AB96F,Wld HstCul A (P),0,HSS
80064,AB96S,Wld HstCul B (P),0,HSS
80065,BB04Y,AFAM-History 1/2 (P),1,HSS
80066,BB05S,AFAM-History 3 (P),0,HSS
80067,BB05Y,AFAM-History 3 (P),0,HSS
80068,BB16S,AFAM-Sociology/Anthropology,1,HSS
80069,BB28F,AFAM-Economics (P),2,HSS
80070,BB28S,AFAM-Economics (P),0,HSS
80071,BB30F,AFAM-Psychology (P),1,HSS
80072,CB94Y,LifeAcd-History (P),0,HSS
80073,DB07Y,CPA-USHistory (P),0,HSS
80074,DB08Y,AMPS-USHistory (P) DB08Y,0,HSS
80075,DB58F,CPA-Economics (P),0,HSS
80076,DB59F,AMPS-Economics (P),2,HSS
80077,DB59S,AMPS-Economics (P),0,HSS
80078,DB75S,CPA-AmerGovnt (P),0,HSS
80079,DB76F,AMPS-AmerGovnt (P),0,HSS
80080,DB76S,AMPS-AmerGovnt (P),0,HSS
80081,DB91F,CPA-BEST History (P),0,HSS
80082,DB91S,CPA-BEST History (P),0,HSS
80083,DB92F,AMPS-BEST History (P),0,HSS
80084,DB92S,AMPS-BEST History (P),0,HSS
80085,DB94F,CPA-Com&EthnStdies (P),0,HSS
80086,DB94S,CPA-Psychology,0,HSS
80087,DB94Y,CPA-Com&EthnStdies (P),0,HSS
80088,DB95S,AMPS-Psychology (P),0,HSS
80089,DB95Y,AMPS-ComANDEthnStdies,0,HSS
80090,DB96Y,CPA-World History (P),0,HSS
80091,DB97Y,AMPS-World History (P),2,HSS
80092,EB07Y,SEI-USHistory (P),2,HSS
80093,EB58S,SEI-Economics (P),0,HSS
80094,EB75F,SEI-AmerGovnt (P),0,HSS
80095,EB90Y,SEI-SemHistory 9-12 (P),2,HSS
80096,EB94Y,SEI-World History (P),0,HSS
80097,FB07Y,CAS-USHistory (P),2,HSS
80098,FB58S,CAS-Economics (P),2,HSS
80099,FB75F,CAS-AmerGovnt (P),2,HSS
80100,FB91F,CAS-BEST History (P),2,HSS
80101,FB91S,CAS-BEST History (P),0,HSS
80102,FB92F,CAS-SocJusHist 1 (P),0,HSS
80103,FB93S,CAS-SocJusHist 2 (P),0,HSS
80104,FB94Y,CAS-FrshSmHistory (P),0,HSS
80105,FB96Y,CAS-World History (P),2,HSS
80106,GB07Y,GRN-USHistory-SEED (P),0,HSS
80107,GB08Y,GRN-USHistory HEAT (P),0,HSS
80108,GB58F,GRN-Economics SEED (P),0,HSS
80109,GB58S,GRN-Economics SEED (P),0,HSS
80110,GB59F,GRN-Economics HEAT (P),0,HSS
80111,GB59S,GRN-Economics HEAT (P),0,HSS
80112,GB75F,GRN-AmerGovnt SEED (P),0,HSS
80113,GB75S,GRN-AmerGovnt SEED (P),0,HSS
80114,GB76F,GRN-AmerGovnt HEAT (P),0,HSS
80115,GB76S,GRN-AmerGovnt HEAT (P),0,HSS
80116,GB91F,GRN-BEST History SEED (P),0,HSS
80117,GB91S,GRN-BEST History SEED (P),0,HSS
80118,GB92F,GRN-BEST History HEAT (P),0,HSS
80119,GB92S,GRN-BEST History HEAT (P),0,HSS
80120,GB94Y,GRN-FrshSmHist (P),0,HSS
80121,GB96Y,GRN-World History SEED (P),0,HSS
80122,GB97Y,GRN-World History HEAT (P),0,HSS
80123,HB07Y,AHA-USHistory (P),2,HSS
80124,HB58F,AHA-Economics (P),0,HSS
80125,HB75F,AHA-AmerGovnt (P),0,HSS
80126,HB75S,AHA-AmerGovnt (P),0,HSS
80127,HB77F,AHA-APAmerGovnt (AP),2,HSS
80128,HB91F,AHA-BEST History (P),1,HSS
80129,HB91S,AHA-BEST History (P),1,HSS
80130,HB94Y,AHA-HumHistory (P),0,HSS
80131,HB96Y,AHA-World History (P),2,HSS
80132,IB07Y,IB-HL-HistOfAmr 2 (HL),6,HSS
80133,IB09F,IHS-Theory of Knowledge,6,HSS
80134,IB09S,IHS-Theory of Knowledge,6,HSS
80135,IB09Y,IHS-TheoryOfKnowledge,0,HSS
80136,IB10F,IB-HL-HistofAmr1 (HL),6,HSS
80137,IB10Y,IB-HL-HistOfAmr 1 (HL),0,HSS
80138,IB20Y,IB-Economics (SL),2,HSS
80139,IB21Y,IB-Soc Anth (P),0,HSS
80140,IB75S,IHS-AmerGovt (P),6,HSS
80141,IB79F,IHS-CompValBel (P),6,HSS
80142,IB79S,IHS-CompValBel (P),0,HSS
80143,IB79Y,IHS-CopValBel/Econ(P),0,HSS
80144,IB80F,IHS-Economics (P),0,HSS
80145,IB80S,IHS-Economics (P),6,HSS
80146,IB94Y,IHS-FrshGlobalStd (P),0,HSS
80147,IB96Y,IHS-Global History (P),6,HSS
80148,JB07Y,SSJE-USHistory (P),0,HSS
80149,JB58F,SSJE-Economics (P),0,HSS
80150,JB58S,SSJE-Economics (P),0,HSS
80151,JB75F,SSJE-AmerGovnt (P),0,HSS
80152,JB75S,SSJE-AmerGovnt (P),0,HSS
80153,JB91F,SSJE-BEST History (P),0,HSS
80154,JB91S,SSJE-BEST History (P),0,HSS
80155,JB94Y,SSJE-FrshSemHist,0,HSS
80156,JB96Y,SSJE-World History (P),0,HSS
80157,LB02F,Chicano/Latino Hist (P),0,HSS
80158,LB62Y,Chicano History,1,HSS
80159,MB07Y,AC-USHistory (P),4,HSS
80160,MB12Y,AC-AP-USHistory (AP),7,HSS
80161,MB16F,AC-SocioAnthrop (P),0,HSS
80162,MB16S,AC-SocioAnthrop (P),4,HSS
80163,MB53F,AC-Popular Culture (P),0,HSS
80164,MB53S,AC-Popular Culture (P),0,HSS
80165,MB58F,AC-Economics (P),9,HSS
80166,MB58S,AC-Economics (P),0,HSS
80167,MB59F,AC-AP-Economics (AP),4,HSS
80168,MB59S,AC-AP-Economics (AP),0,HSS
80169,MB74F,AC-Politics AND Power (P),1,HSS
80170,MB74S,AC-Politics AND Power (P),0,HSS
80171,MB75F,AC-AmerGovnt (P),0,HSS
80172,MB75S,AC-AmerGovnt (P),0,HSS
80173,MB76F,AC-TheoPsychology (P),4,HSS
80174,MB76S,AC-TheoPsychology (P),0,HSS
80175,MB77F,AC-AP-AmerGovnt (AP),15,HSS
80176,MB77S,AC-AP-AmerGovnt (AP),0,HSS
80177,MB79F,AC-CompReligions (P),0,HSS
80178,MB79S,AC-CompReligions (P),0,HSS
80179,MB80F,AC-Globalization (P),0,HSS
80180,MB80S,AC-Globalization (P),1,HSS
80181,MB91Y,AC-World History (P),0,HSS
80182,MB94Y,AC-WldCult/AncntCiv(P),0,HSS
80183,MB96Y,AC-World History (P),13,HSS
80184,SB08Y,CEC-USHistory,0,HSS
80185,SB09Y,CEC-World History,0,HSS
80186,SB58F,INE-Economics,0,HSS
80187,SB58S,INE-Economics,0,HSS
80188,SB59S,CEC-Economics,0,HSS
80189,SB75F,INE-AmerGovnt,0,HSS
80190,SB76F,CEC-AmerGovnt,0,HSS
80191,SB78S,INE-AmerGovnt,0,HSS
80192,SB94Y,INE-World History,0,HSS
80193,SB95Y,CEC-FreshHistory,0,HSS
80194,UB07F,ISP-US HistoryA (P),0,HSS
80195,UB08S,ISP-US HistoryB (P),0,HSS
80196,UB12Q,ISP-AP-US HIST (AP),0,HSS
80197,UB16S,ISP-SocioAnthrop (P),0,HSS
80198,UB58F,ISP-Economics (P),0,HSS
80199,UB58S,ISP-Economics (P),0,HSS
80200,UB74F,ISP-Pol/Pwr (P),0,HSS
80201,UB75F,ISP-Amer Govt (P),0,HSS
80202,UB76F,ISP-Theopsych (P),0,HSS
80203,UB77Q,ISP-AP Gov(AP),0,HSS
80204,UB79F,ISP-CompReligFrm(P),0,HSS
80205,UB92Q,ISP-BEST History (P),0,HSS
80206,UB94A,ISP-FrshGlobalStdA (P),0,HSS
80207,UB94B,ISP-FrshGlobalStdB (P),0,HSS
80208,UB94F,ISP-Frsh Sem-Hist A (P),0,HSS
80209,UB95S,ISP-Frsh Sem-Hist B,0,HSS
80210,UB96F,ISP-WldHstCul A (P),0,HSS
80211,UB97S,ISP-WldHstCul B (P),0,HSS
80212,AS40Y,AdvProgPrj (P),0,ISTE
80213,AS41Y,C++/JAVA (P),0,ISTE
80214,AC01Y,Math 1 (P),28,MATH
80215,AC02Y,Math 2 (P),15,MATH
80216,AC03Y,Math 3 (P),14,MATH
80217,AC07F,Algebra 1A (P),0,MATH
80218,AC07Y,Algebra 1A (P),0,MATH
80219,AC08S,Algebra 1B (P),0,MATH
80220,AC09F,Geometry A (P),0,MATH
80221,AC09Y,Geometry (P),0,MATH
80222,AC10S,Geometry B (P),0,MATH
80223,AC11S,Math 1x B (P),0,MATH
80224,AC11Y,Math 1x (P),1,MATH
80225,AC15Y,9th Algebra 1B (P),0,MATH
80226,AC22F,Algebra 2A (P),0,MATH
80227,AC22Y,Algebra 2 (P),0,MATH
80228,AC23S,Algebra 2B (P),0,MATH
80229,AC25Y,Hnrs-Algebra 2 (HP),0,MATH
80230,AC29Y,Hnrs-MathAnalysis(HP),0,MATH
80231,AC39Y,AP-Calculus AB (AP),6,MATH
80232,AC50Y,Hnrs-IMP Math 2 (HP),0,MATH
80233,AC54Y,IMP Math 2 (P),0,MATH
80234,AC56Y,IMP Math 3 (P),0,MATH
80235,AC58Y,IMP Math 4 (P),0,MATH
80236,AC60F,Algebra 2A/B Lab,0,MATH
80237,AC60S,Algebra 2A/B Lab,0,MATH
80238,AC71Y,AP-Calculs BC (AP),3,MATH
80239,AC83Y,AP-Statistics (AP),6,MATH
80240,AC91Y,Differential Equations,0,MATH
80241,AC96Y,Advanced Math 3 (H),3,MATH
80242,AC97Y,Advanced Math 1,4,MATH
80243,AC98Y,Hnrs-Geometry (HP),0,MATH
80244,AC99Y,Advanced Math 2 (P),3,MATH
80245,AL25F,CAHSEE Math,0,MATH
80246,AL25S,CAHSEE Math,0,MATH
80247,AZ20Y,Additional Math,0,MATH
80248,CC16Y,LifeAcd-Algebra 1 (P),0,MATH
80249,DC01Y,AMPS-Math 1 (P),0,MATH
80250,DC02Y,AMPS-Math 2 (P),0,MATH
80251,DC03Y,AMPS-Math 3 (P),0,MATH
80252,DC39Y,CPA-AP-Calc AB (AP),0,MATH
80253,DC40Y,AMPS-AP-Calc AB (AP),0,MATH
80254,DC52Y,CPA-IMP Math 1 (P),0,MATH
80255,DC54Y,CPA-IMP Math 2 (P),0,MATH
80256,DC55Y,AMPS-IMP Math 2 (P),0,MATH
80257,DC56Y,CPA-IMP Math 3 (P),0,MATH
80258,DC57Y,AMPS-IMP Math 3 (P),0,MATH
80259,DC58Y,CPA-IMP Math 4  (P),0,MATH
80260,DC59Y,AMPS-IMP Math 4 (P),0,MATH
80261,DC83Y,CPA-Statistics (AP),0,MATH
80262,DC97Y,AMPS-Advanced Math 1,0,MATH
80263,EC01Y,EL Math 1 (P),2,MATH
80264,EC02Y,EL Math 2 (P),1,MATH
80265,EC03Y,EL Math 3 (P),0,MATH
80266,EC07Y,SEI-Algebra 1 (P),0,MATH
80267,EC09Y,SEI-Geometry (P),0,MATH
80268,EC18Y,SEI-Math Analysis,0,MATH
80269,EC22Y,SEI-Algebra 2 (P),0,MATH
80270,EZ10Y,EL-MathSupport,0,MATH
80271,FC01Y,CAS-Math 1 (P),0,MATH
80272,FC02Y,CAS-Math 2 (P),0,MATH
80273,FC03Y,CAS-Math 3 (P),0,MATH
80274,FC52Y,CAS-IMP Math 1 (P),0,MATH
80275,FC54Y,CAS-IMP Math 2 (P),0,MATH
80276,FC56Y,CAS-IMP Math 3 (P),0,MATH
80277,FC58Y,CAS-IMP Math 4 (P),0,MATH
80278,FC97Y,CAS-Advanced Math 1,0,MATH
80279,GC07Y,GRN-Algebra 1  (P),0,MATH
80280,GC09Y,GRN-Geometry (P),0,MATH
80281,GC18Y,GRN-Math Analysis(P),0,MATH
80282,GC22Y,GRN-Algebra 2 (P),0,MATH
80283,HA58Y,AHA-IMP Math 4 (P),0,MATH
80284,HC01Y,AHA-Math 1 (P),0,MATH
80285,HC02Y,AHA-Math 2 (P),0,MATH
80286,HC03Y,AHA-Math 3 (P),0,MATH
80287,HC07Y,AHA-Algebra 1 (P),0,MATH
80288,HC09Y,AHA-Geometry (P),0,MATH
80289,HC18Y,AHA-Math Analysis (P),0,MATH
80290,HC22Y,AHA-Algebra 2 (P),0,MATH
80291,HC52Y,AHA-IMP Math1 (P),0,MATH
80292,HC54Y,AHA-IMP Math 2 (P),0,MATH
80293,HC56Y,AHA-IMP Math 3 (P),0,MATH
80294,HC57Y,AHA-IMP Math 4 (P),0,MATH
80295,HC97Y,AHA-Advanced Math 1,0,MATH
80296,IC07Y,IHS-Algebra 1 (P),0,MATH
80297,IC09Y,IHS-Geometry (P),0,MATH
80298,IC22Y,IHS-Algebra 2 (P),0,MATH
80299,IC54Y,IHS-IMP Math 2 (P),0,MATH
80300,IC56Y,IHS-IMP Math 3 (P),0,MATH
80301,IC57Y,IHS-IMP Math 4 (P),0,MATH
80302,IC72Y,IB-Math Studies (SL),0,MATH
80303,IC73Y,IB-Math Year 1 (P),0,MATH
80304,IC74Y,IB-SL-Math Year 2 (SL),0,MATH
80305,IC75Y,IB-HL-Math Year 2 (HL),0,MATH
80306,IC76Y,IB-SL-Math Applications,2,MATH
80307,IC77Y,IB-SL-Math Analysis,2,MATH
80308,JC07F,SSJE-Algebra 1A (P),0,MATH
80309,JC07Y,SSJE-Algebra 1 (P),0,MATH
80310,JC09Y,SSJE-Geometry (P),0,MATH
80311,JC18Y,SSJE-Math Analysis(P),0,MATH
80312,JC22Y,SSJE-Algebra 2 (P),0,MATH
80313,MC07Y,AC-Algebra 1 (P),0,MATH
80314,MC09Y,AC-Geometry (P),0,MATH
80315,MC18Y,AC-Math Analysis (P),0,MATH
80316,MC22Y,AC-Algebra 2 (P),0,MATH
80317,MC54Y,AC-IMP Math 2 (P),0,MATH
80318,MC56Y,AC-IMP Math 3 P),0,MATH
80319,MC57Y,AC-IMP Math 4 (P),0,MATH
80320,SC07Y,INE-Algebra 1,0,MATH
80321,SC08Y,CEC-Algebra 1,0,MATH
80322,SC37Y,CEC-LifeSkillsMath,0,MATH
80323,SC50Y,INE-PreAlgebra,0,MATH
80324,SC51Y,CEC-PreAlgebra,0,MATH
80325,SC72Y,INE-Lifeskills Math,0,MATH
80326,UC01Q,ISP-Math 1 Qtr,0,MATH
80327,UC01R,ISP-Math 1 Qtr,0,MATH
80328,UC01S,ISP-Math 1,0,MATH
80329,UC01T,ISP-Math 1,0,MATH
80330,UC02Q,ISP-Alg 1 Qtr. (P),0,MATH
80331,UC02S,ISP-Math 2,0,MATH
80332,UC03Q,ISP-Geom Qtr (P),0,MATH
80333,UC03S,ISP-Math 3,0,MATH
80334,UC04Q,ISP-Alg 2 Qtr (P),0,MATH
80335,UC05Q,ISP-Math Anal Qtr (P),0,MATH
80336,UC06Q,ISP-Calculus AB Qtr (AP),0,MATH
80337,UC07Q,ISP-Algebra 1A (P),0,MATH
80338,UC08Q,ISP-Algebra 1B (P),0,MATH
80339,UC09Q,ISP-Geometry A (P),0,MATH
80340,UC10Q,ISP-Geometry B (P),0,MATH
80341,UC11Q,ISP-Math Anal A Qtr,0,MATH
80342,UC12Q,ISP-Math Anal B Qtr,0,MATH
80343,UC13Q,ISP-Math 3 Qtr,0,MATH
80344,UC14Q,ISP-Calculus BC Qtr (AP),0,MATH
80345,UC22Q,ISP-Algebra 2A (P),0,MATH
80346,UC23Q,ISP-Algebra 2B (P),0,MATH
80347,UC24Q,ISP-Math 2 Qtr,0,MATH
80348,UC25A,ISP-Hnrs-Alg2A,0,MATH
80349,UC25B,ISP-Hnrs-Alg2B,0,MATH
80350,UC25Y,ISP - Hnrs-Algebra2 (HP),0,MATH
80351,UC29Q,ISP-Hnrs-Math Analysis (HP),0,MATH
80352,UC39Q,ISP-AP-Calculus AB (AP),0,MATH
80353,UC39Y,ISP-AP-Calculus AB (AP),0,MATH
80354,UC71Q,ISP-AP-Calculus BC (AP),0,MATH
80355,UC96Q,ISP-Advanced Math 3 Qtr,0,MATH
80356,UC96S,ISP-Advanced Math 3,0,MATH
80357,UC97Q,ISP-Advanced Math 1 Qtr,0,MATH
80358,UC97S,ISP-Advanced Math 1,0,MATH
80359,UC98Q,ISP-Hnrs-Geometry,0,MATH
80360,UC98S,ISP-Advanced Math 2,0,MATH
80361,UC99Q,ISP-Advanced Math 2 Qtr,0,MATH
80362,UL25F,ISP-CAHSEE Math,0,MATH
80363,AC04Y,Data Science (P),2,MATH
80364,SL02Y,SLC-Math 2,7,MATH
80365,SL03Y,SLC-Math 3,4,MATH
80366,IC78Y,IB-HL Math Analysis,0,MATH
80367,AS46Y,Software Eng: AdvancedTopic CS,1,MATH
80368,AJ51Y,Concert Chorale (1/2 Credit),0,MUSIC
80369,7626,Jazz Band,0,MUSIC
80370,AJ20Y,Chorus,0,MUSIC
80371,AJ22Y,Hnrs Chamber Orch (HP),0,MUSIC
80372,AJ26Y,Hnrs Jazz Ensemble (HP),0,MUSIC
80373,AJ35Y,Guitar (P),2,MUSIC
80374,AJ36Y,Guitar Club,0,MUSIC
80375,AJ40B,CON ORCH (P),0,MUSIC
80376,AJ40Y,Concert Orchestra (P),0,MUSIC
80377,AJ44Y,Jazz Lab 1 (P),1,MUSIC
80378,AJ46Y,Jazz Ensemble (P),1,MUSIC
80379,AJ48Y,Jazz Band BHS,0,MUSIC
80380,AJ50Y,Chorus,2,MUSIC
80381,AJ59Y,DanceProd/Chor (P),1,MUSIC
80382,AJ61Y,AP-MusicTheory (AP),2,MUSIC
80383,AJ82Y,Jazz Lab 2 (P),3,MUSIC
80384,IJ84Y,IB-SL-Music (SL),0,MUSIC
80385,IJ85Y,IB-HL-Music (HL),0,MUSIC
80386,IJ86Y,IB-HL2-Music (HL),0,MUSIC
80387,ZZ11Y,No 1 Period Senior Only,1,OTHR
80388,ZZ12Y,No 6 Period Senior Only,1,OTHR
80389,AZ07Y,Credit Recovery,1,OTHR
80390,AM02Y,Badminton,0,PE
80391,AM07Y,Basketball,0,PE
80392,AM10Y,Conditioning,0,PE
80393,AM14Y,SelfDefense/Conditng,0,PE
80394,AM22Y,Heart Fitness,0,PE
80395,AM32Y,Soccer,0,PE
80396,AM34Y,Swimming,0,PE
80397,AM40Y,Team Sports,0,PE
80398,AM41F,Athletics Fall,0,PE
80399,AM41S,Athletics Spring,0,PE
80400,AM41W,Athletics Winter,0,PE
80401,AM41Y,Intro to Fitness,0,PE
80402,AM42S,PE WAIVER,0,PE
80403,AM98Y,Team Sports AM,0,PE
80404,CM40Y,LifeAcd-Team Sports,0,PE
80405,DM40Y,CPA-Team Sports,0,PE
80406,DM41Y,AMPS-Team Sports DM41Y,0,PE
80407,FM05Y,CAS-Team Sports,0,PE
80408,HM28Y,AHA-Life Sports,0,PE
80409,HM40Y,AHA Team Sports,0,PE
80410,SM01Y,Adaptive PE,0,PE
80411,UM05F,ISP-PhysEd,0,PE
80412,UM10F,ISP-Beg Conditioning,0,PE
80413,UM10Y,ISP-Conditioning,0,PE
80414,UM22Y,ISP-Heart Fitness,0,PE
80415,UM28Y,ISP-Life Sports,0,PE
80416,UM40Y,ISP-Team Sports,0,PE
80417,AD05Y,ROP-SportsMedicine(P),0,SCI
80418,AD07F,Biology 1A,0,SCI
80419,AD07S,Biology 1B,0,SCI
80420,AD07Y,Biology 1,0,SCI
80421,AD10F,AdvBiology A (P),0,SCI
80422,AD10Y,Biology (P),6,SCI
80423,AD11S,AdvBiology B (P),0,SCI
80424,AD12Y,BioLabEnhancement,0,SCI
80425,AD14Y,AdvBiology Lab PM,0,SCI
80426,AD15Y,AdvBiology Lab AM,0,SCI
80427,AD18Y,AP-Biology Lab AM,0,SCI
80428,AD19Y,AP-Biology Lab PM,0,SCI
80429,AD20Y,AP-Biology (AP),9,SCI
80430,AD24Y,AP-EnvirScience (AP),5,SCI
80431,AD25Y,AnatPhys Lab AM,0,SCI
80432,AD26Y,AnatPhys Lab PM,0,SCI
80433,AD27Y,Hnrs-AnatPhys (HP),5,SCI
80434,AD29Y,AP-EnvirScience Lab AM,0,SCI
80435,AD31F,PhysScience 1A,0,SCI
80436,AD31S,PhysScience 1B,0,SCI
80437,AD31Y,PhysScience 1,0,SCI
80438,AD32Y,RenewSustainEnergy (P),0,SCI
80439,AD33Y,Integrated Science (P),1,SCI
80440,AD45Y,Chemistry (A),0,SCI
80441,AD47Y,Chemistry Lab PM,0,SCI
80442,AD49Y,Chemistry Lab AM,0,SCI
80443,AD50F,Chemistry A (P),0,SCI
80444,AD50Y,Chemistry (P),10,SCI
80445,AD51S,Chemistry B (P),0,SCI
80446,AD53Y,AP-Chemistry Lab AM,0,SCI
80447,AD54Y,AP-Chemistry (AP),8,SCI
80448,AD60Y,Physics (P),0,SCI
80449,AD61Y,PhysicsLabEnhancement,0,SCI
80450,AD65Y,AP-Physics (AP),0,SCI
80451,AD67Y,AP-Physics Lab AM,0,SCI
80452,AD68Y,AP-Physics Lab PM,0,SCI
80453,AD70Y,AP-Physics 1,2,SCI
80454,AD72Y,AP-Physics C,2,SCI
80455,AD90Y,AP-Chem Lab PM,0,SCI
80456,AD92Y,AP-EnvirScience Lab PM,0,SCI
80457,AD93Y,Physics Lab PM,0,SCI
80458,AD94Y,Physics Lab AM,0,SCI
80459,CD38Y,LifeAcd-IntgScience (P),0,SCI
80460,DD07Y,CPA-Biology 1,0,SCI
80461,DD10Y,CPA-AdvBiology (P),0,SCI
80462,DD11Y,AMPS-AdvBiology (P),0,SCI
80463,DD12Y,CPA-BioHealthSci (P),0,SCI
80464,DD15Y,CPA-AdvBiology Lab,0,SCI
80465,DD31Y,CPA-PhysScience1,0,SCI
80466,DD33Y,CPA-IntgScience (P),0,SCI
80467,DD34Y,CPA-IntgScience (P),0,SCI
80468,DD35Y,CPA-Forensic Science (P),0,SCI
80469,DD49Y,CPA-Chemistry Lab,0,SCI
80470,DD50Y,CPA-Chemistry (P),0,SCI
80471,DD51Y,AMPS-Chemistry (P),0,SCI
80472,DD70Y,CPA-Health Science,0,SCI
80473,ED10Y,SEI-AdvBiology (P),1,SCI
80474,ED33Y,SEI-IntgScience (P),2,SCI
80475,ED50Y,SEI-Chemistry (P),0,SCI
80476,FD10Y,CAS-AdvBiology (P),0,SCI
80477,FD15Y,CAS-AdvBiology Lab,0,SCI
80478,FD27Y,CAS-HnrsAnatPhys (HP),2,SCI
80479,FD49Y,CAS-Chemistry Lab,0,SCI
80480,FD50Y,CAS-Chemistry (P),2,SCI
80481,GD10Y,GRN-AdvBiology (P),0,SCI
80482,GD11Y,GRN-AdvBiology HEAT (P),0,SCI
80483,GD24Y,GRN-AP-EnvSci SEED (AP),0,SCI
80484,GD30Y,GRN-EnvScience SEED (P),0,SCI
80485,GD32Y,GRN-RenewSustainEnergy HEAT (P,0,SCI
80486,GD50Y,GRN-Chemistry SEED (P),0,SCI
80487,GD51Y,GRN-Chemistry HEAT (P),0,SCI
80488,GD60Y,GRN-PhysofEnergy HEAT (P),0,SCI
80489,HD07Y,AHA-Biology 1,0,SCI
80490,HD10F,AHA-AdvBiology (P),0,SCI
80491,HD10S,AHA-AdvBiology (P),0,SCI
80492,HD10Y,AHA-AdvBiology (P),0,SCI
80493,HD15Y,AHA-AdvBiology Lab,0,SCI
80494,HD24Y,AHA-AP Envir Sci (AP),0,SCI
80495,HD26Y,AHA-AnatPhys Lab,0,SCI
80496,HD27F,AHA-Hrns-AntPhys(HP),0,SCI
80497,HD27S,AHA-Hrns-AntPhys(HP),0,SCI
80498,HD27Y,AHA-Hrns-AntPhys(HP),2,SCI
80499,HD31Y,AHA-PhysScience 1,0,SCI
80500,HD33Y,AHA-IntgScience (P),0,SCI
80501,HD49Y,AHA-Chemistry Lab,0,SCI
80502,HD50Y,AHA-Chemistry (P),2,SCI
80503,ID04Y,IB-HL-Biology (HL),0,SCI
80504,ID10Y,IHS-AdvBiology (P),0,SCI
80505,ID14Y,IHS-AdvBiology Lab PM,0,SCI
80506,ID15Y,IHS-AdvBiology Lab AM,0,SCI
80507,ID18Y,IB-SL-Biology Lab AM,0,SCI
80508,ID19Y,IB-SL-Biology Lab PM,0,SCI
80509,ID47Y,IHS-Chemistry Lab PM,0,SCI
80510,ID49Y,IHS-Chemistry Lab AM,0,SCI
80511,ID50Y,IHS-Chemistry (P),0,SCI
80512,ID54Y,IB-SL-ChemistryLab PM,0,SCI
80513,ID55Y,IB-SL ChemistryLab AM,0,SCI
80514,ID58Y,IB-HL-Physics (HL),0,SCI
80515,ID67Y,IB-HL-Physics Lab AM,0,SCI
80516,ID68Y,IB-HL-Physics Lab PM,0,SCI
80517,ID70Y,IB-HL-Chemistry (HL),0,SCI
80518,ID72Y,IB-SL-Biology (SL),2,SCI
80519,ID76Y,IB-SL-Chemistry (SL),0,SCI
80520,ID78Y,IB-SL-EnvirSysSoc (SL),2,SCI
80521,JD10Y,SSJE-AdvBiology (P),0,SCI
80522,JD15Y,SSJE-AdvBio Lab AM,0,SCI
80523,JD24Y,SSJE-ROP-EnvSci(AP),0,SCI
80524,JD29Y,SSJE-ROP-EnvSci Lab,0,SCI
80525,JD30Y,SSJE-EnvScience (P),0,SCI
80526,JD49Y,SSJE-Chemistry Lab,0,SCI
80527,JD50Y,SSJE-Chemistry (P),0,SCI
80528,MD10Y,AC-AdvBiology (P),0,SCI
80529,MD14Y,AC-AdvBio Lab PM,0,SCI
80530,MD15Y,AC-AdvBio Lab AM,0,SCI
80531,MD47Y,AC-Chemistry Lab PM,0,SCI
80532,MD49Y,AC-Chemistry Lab AM,0,SCI
80533,MD50Y,AC-Chemistry (P),0,SCI
80534,SD09Y,INE-Biology,0,SCI
80535,SD10Y,CEC-Biology,0,SCI
80536,SD32Y,CEC-PhysScience,0,SCI
80537,SD34Y,CEC-IntgScience,0,SCI
80538,SD51Y,INE-Physical Science,0,SCI
80539,UD07F,ISP-Biology 1 A,0,SCI
80540,UD08S,ISP-Biology 1B,0,SCI
80541,UD10F,ISP-AdvBiology 1D (P),0,SCI
80542,UD11S,ISP-AdvBiology2D (P),0,SCI
80543,UD22F,ISP-Enviro Sci 1 (P),0,SCI
80544,UD23S,ISP-Envir Sci 2 (P),0,SCI
80545,UD24F,ISP-AP-Envir Sci 1(AP),0,SCI
80546,UD25S,ISP-AP-Envir Sci2 (AP),0,SCI
80547,UD27F,ISP-HmAnatPhys1D(HP),0,SCI
80548,UD28S,ISP-HmAnatPhys2D(HP),0,SCI
80549,UD30A,ISP-EnvScience SEED A (P),0,SCI
80550,UD30B,ISP-EnvScience SEED B (P),0,SCI
80551,UD31Y,ISP-PhysScience 1,0,SCI
80552,UD33F,ISP-Integ Sci  (P),0,SCI
80553,UD35S,ISP-Physics 1(P),0,SCI
80554,AD01Y,Physics 1 (P),28,SCI
80555,ID79Y,IB-SL-EnvirSysSoc (SL) Lab AM,0,SCI
80556,ID80Y,IB-SL-EnvirSysSoc (SL) Lab PM,0,SCI
80557,AF09F,Social Living 10-12,0,SOCLIV
80558,AF09S,Social Living 10-12,0,SOCLIV
80559,AF80Y,Parenting,0,SOCLIV
80560,SF02Y,INE-CommunityTrans,0,SOCLIV
80561,SF04Y,INE-Work Skills,0,SOCLIV
80562,SF06Y,INE-LifeskillsSocLiving,0,SOCLIV
80563,SF07F,CEC-LifeskillsSocLiving,0,SOCLIV
80564,SF07Y,CEC-LifeskillsSocLiving,0,SOCLIV
80565,SF08Y,INE-Health,0,SOCLIV
80566,SF09Y,CEC-Health,0,SOCLIV
80567,SF62Y,INE-Senior Transition,0,SOCLIV
80568,SF71Y,INE-Ethnic Studies,0,SOCLIV
80569,SF72S,CEC-Ethnic Studies,0,SOCLIV
80570,SF72Y,CEC-Ethnic Studies,0,SOCLIV
80571,SN05Y,CEC-WorkSkills,0,SOCLIV
80572,TF71Y,Ethnic Studies,0,SOCLIV
80573,UF09F,ISP-SocLiv 10-12,0,SOCLIV
80574,UF70S,ISP-Ethnic Stds,0,SOCLIV
80575,AA62Y,Journalism 0.5/Jacket News 0.5,2,VAPA
80576,AS57Y,Advanced Digital Sound Eng,1,VAPA
80577,AA61Y,Intro to Journalism/Jacket New,2,VAPA
80578,AJ41Y,Orchestra 1,1,VAPA
80579,AJ42Y,Orchestra 2,1,VAPA
80580,AJ31Y,Band 1,1,VAPA
80581,AJ32Y,Band 2,1,VAPA
80582,AJ43Y,Orchestra 3,1,VAPA
80583,AJ34Y,Band 3 Honors,1,VAPA
80584,AJ77Y,Production/Acting,2,VAPA
80585,AJ33Y,Band 3,1,VAPA
80586,WE81Y,Spanish I (P),10,WLDLNG
80587,WE82Y,Spanish II (P),13,WLDLNG
80588,WE83Y,Spanish III (P),10,WLDLNG
80589,WE84Y,Spanish IV (P),5,WLDLNG
80590,AE11Y,French 1/2 (P),0,WLDLNG
80591,AE13Y,French 3/4 (P),0,WLDLNG
80592,AE15Y,French 5/6 (P),0,WLDLNG
80593,AE17Y,French 7/8 (P),0,WLDLNG
80594,AE19Y,AP-FrenchSem (AP),1,WLDLNG
80595,AE31Y,SpanNatSpkrs 1/2 (P),0,WLDLNG
80596,AE33Y,SpanNatSpkrs 3/4 (P),0,WLDLNG
80597,AE41Y,Mandarin 1/2 (P),0,WLDLNG
80598,AE43Y,Mandarin 3/4 (P),0,WLDLNG
80599,AE45Y,Mandarin 5/6 (P),0,WLDLNG
80600,AE47Y,Mandarin 7/8,0,WLDLNG
80601,AE50Y,AP Chinese Language and Cultur,1,WLDLNG
80602,AE51Y,Latin 1/2 (P),0,WLDLNG
80603,AE53Y,Latin 3/4 (P),0,WLDLNG
80604,AE54F,Latin V (P),0,WLDLNG
80605,AE55Y,AP-Latin 5/6 (P),0,WLDLNG
80606,AE56S,Latin VI (H),0,WLDLNG
80607,AE57Y,AP-Latin 7/8 (P),0,WLDLNG
80608,AE58Y,AP Latin Vergil (AP),1,WLDLNG
80609,AE71F,Spanish 1 (P),0,WLDLNG
80610,AE71S,Spanish 2 (P),0,WLDLNG
80611,AE73F,Spanish 3 (P),0,WLDLNG
80612,AE73S,Spanish 4 (P),0,WLDLNG
80613,AE81Y,Spanish 1/2 (P),0,WLDLNG
80614,AE83Y,Spanish 3/4 (P),0,WLDLNG
80615,AE85Y,Spanish 5/6 (P),0,WLDLNG
80616,AE87Y,Spanish 7/8 (P),0,WLDLNG
80617,AE89Y,AP-SpanishSem (AP),5,WLDLNG
80618,AE91Y,AP-SpanishLit (AP),1,WLDLNG
80619,BE01Y,AFAM-Kiswahili 1/2 (P),0,WLDLNG
80620,BE03Y,AFAM-Kiswahili 3/4 (P),0,WLDLNG
80621,BE05Y,AFAM-Kiswahili 5/6 (P),0,WLDLNG
80622,DE81Y,CPA-Spanish 1/2 (P),0,WLDLNG
80623,DE83Y,CPA-Spanish 3/4 (P),0,WLDLNG
80624,DE85Y,CPA-Spanish 5/6 (P),0,WLDLNG
80625,IE01Y,IB-SL-French B (SL),0,WLDLNG
80626,IE05Y,IB-HL-French B (HL),0,WLDLNG
80627,IE36Y,IB-HL-Mandarin B (HL),0,WLDLNG
80628,IE39Y,IB-HL-Latin B (HL),0,WLDLNG
80629,IE59Y,IB-SL-Spanish B (SL),0,WLDLNG
80630,IE63Y,IB-HL-Spanish B (HL),0,WLDLNG
80631,IE67Y,IB-HL-Spanish A2 (HL),0,WLDLNG
80632,IE77Y,IB-SL-SpanAbInitio(SL),0,WLDLNG
80633,IE93Y,IB-SL-Kiswahili (SL),0,WLDLNG
80634,UE11F,ISP-French 1 (P),0,WLDLNG
80635,UE12S,ISP-French 2 (P),0,WLDLNG
80636,UE13F,ISP-French 3 (P),0,WLDLNG
80637,UE14S,ISP-French 4 (P),0,WLDLNG
80638,UE15F,ISP-French 5 (P),0,WLDLNG
80639,UE16S,ISP-French 6 (P),0,WLDLNG
80640,UE17F,ISP-French 7 (P),0,WLDLNG
80641,UE18S,ISP-French 8 (P),0,WLDLNG
80642,UE19F,ISP-AP-FrenchSem A(AP),0,WLDLNG
80643,UE20S,ISP-AP-FrenchSem B(AP),0,WLDLNG
80644,UE21F,ISP-French 1 B (P),0,WLDLNG
80645,UE22S,ISP-French 2 B (P),0,WLDLNG
80646,UE33Y,ISP-SpanNatSpkrs 3/4 (P),0,WLDLNG
80647,UE81F,ISP-Spanish 1 (P),0,WLDLNG
80648,UE82S,ISP-Spanish 2 (P),0,WLDLNG
80649,UE83F,ISP-Spanish 3 (P),0,WLDLNG
80650,UE84S,ISP-Spanish 4 (P),0,WLDLNG
80651,UE85F,ISP-Spanish 5 (P),0,WLDLNG
80652,UE86F,ISP-Spanish 6 (P),0,WLDLNG
80653,UE87F,ISP-Spanish 7 (P),0,WLDLNG
80654,UE87S,ISP-Spanish 7 (P),0,WLDLNG
80655,UE88S,ISP-Spanish 8 (P),0,WLDLNG
80656,UE89F,ISP-AP-SpanLit A (AP),0,WLDLNG
80657,UE89Q,ISP-AP-SpanishSem (AP) Qtr,0,WLDLNG
80658,UE90Q,ISP-AP-SpanishSem B (AP) Qtr,0,WLDLNG
80659,UE90S,ISP-AP-SpanLit B (AP,0,WLDLNG
80660,UE92F,ISP-Spanish 1 B (P),0,WLDLNG
80661,UE94F,ISP-Spanish 3 B (P),0,WLDLNG
80662,UE95S,ISP-Spanish 4 B (P),0,WLDLNG
80663,BE81Y,Spanish in the African Diaspor,0,WLDLNG
